file_path,file_type,business_category,chunking_issue,expected_capability
docx/会议纪要类/DOCX_0111_会议纪要类_报告.docx,docx,会议纪要类,会议纪要/多议题,不同议题独立分块；继承会议元数据
docx/会议纪要类/DOCX_0112_会议纪要类_报告.docx,docx,会议纪要类,会议纪要/多议题,不同议题独立分块；继承会议元数据
docx/会议纪要类/DOCX_0113_会议纪要类_记录.docx,docx,会议纪要类,会议纪要/多议题,不同议题独立分块；继承会议元数据
docx/会议纪要类/DOCX_0114_会议纪要类_记录.docx,docx,会议纪要类,会议纪要/多议题,不同议题独立分块；继承会议元数据
docx/会议纪要类/DOCX_0115_会议纪要类_材料.docx,docx,会议纪要类,会议纪要/多议题,不同议题独立分块；继承会议元数据
docx/会议纪要类/DOCX_0116_会议纪要类_样例.docx,docx,会议纪要类,会议纪要/多议题,不同议题独立分块；继承会议元数据
docx/会议纪要类/DOCX_0117_会议纪要类_材料.docx,docx,会议纪要类,会议纪要/多议题,不同议题独立分块；继承会议元数据
docx/会议纪要类/DOCX_0118_会议纪要类_记录.docx,docx,会议纪要类,会议纪要/多议题,不同议题独立分块；继承会议元数据
docx/会议纪要类/DOCX_0119_会议纪要类_材料.docx,docx,会议纪要类,会议纪要/多议题,不同议题独立分块；继承会议元数据
docx/会议纪要类/DOCX_0120_会议纪要类_记录.docx,docx,会议纪要类,会议纪要/多议题,不同议题独立分块；继承会议元数据
docx/会议纪要类/DOCX_0121_会议纪要类_报告.docx,docx,会议纪要类,会议纪要/多议题,不同议题独立分块；继承会议元数据
docx/会议纪要类/DOCX_0122_会议纪要类_材料.docx,docx,会议纪要类,会议纪要/多议题,不同议题独立分块；继承会议元数据
docx/会议纪要类/DOCX_0123_会议纪要类_样例.docx,docx,会议纪要类,会议纪要/多议题,不同议题独立分块；继承会议元数据
docx/会议纪要类/DOCX_0124_会议纪要类_样例.docx,docx,会议纪要类,会议纪要/多议题,不同议题独立分块；继承会议元数据
docx/会议纪要类/DOCX_0125_会议纪要类_记录.docx,docx,会议纪要类,会议纪要/多议题,不同议题独立分块；继承会议元数据
docx/会议纪要类/DOCX_0126_会议纪要类_记录.docx,docx,会议纪要类,会议纪要/多议题,不同议题独立分块；继承会议元数据
docx/会议纪要类/DOCX_0127_会议纪要类_记录.docx,docx,会议纪要类,会议纪要/多议题,不同议题独立分块；继承会议元数据
docx/会议纪要类/DOCX_0128_会议纪要类_材料.docx,docx,会议纪要类,会议纪要/多议题,不同议题独立分块；继承会议元数据
docx/会议纪要类/DOCX_0129_会议纪要类_记录.docx,docx,会议纪要类,会议纪要/多议题,不同议题独立分块；继承会议元数据
docx/会议纪要类/DOCX_0130_会议纪要类_报告.docx,docx,会议纪要类,会议纪要/多议题,不同议题独立分块；继承会议元数据
docx/会议纪要类/DOCX_0131_会议纪要类_记录.docx,docx,会议纪要类,会议纪要/多议题,不同议题独立分块；继承会议元数据
docx/会议纪要类/DOCX_0132_会议纪要类_样例.docx,docx,会议纪要类,会议纪要/多议题,不同议题独立分块；继承会议元数据
docx/会议纪要类/DOCX_0133_会议纪要类_样例.docx,docx,会议纪要类,会议纪要/多议题,不同议题独立分块；继承会议元数据
docx/会议纪要类/DOCX_0134_会议纪要类_样例.docx,docx,会议纪要类,会议纪要/多议题,不同议题独立分块；继承会议元数据
docx/会议纪要类/DOCX_0135_会议纪要类_记录.docx,docx,会议纪要类,会议纪要/多议题,不同议题独立分块；继承会议元数据
docx/会议纪要类/DOCX_0136_会议纪要类_报告.docx,docx,会议纪要类,会议纪要/多议题,不同议题独立分块；继承会议元数据
docx/会议纪要类/DOCX_0137_会议纪要类_记录.docx,docx,会议纪要类,会议纪要/多议题,不同议题独立分块；继承会议元数据
docx/会议纪要类/DOCX_0138_会议纪要类_样例.docx,docx,会议纪要类,会议纪要/多议题,不同议题独立分块；继承会议元数据
docx/会议纪要类/DOCX_0139_会议纪要类_记录.docx,docx,会议纪要类,会议纪要/多议题,不同议题独立分块；继承会议元数据
docx/会议纪要类/DOCX_0140_会议纪要类_样例.docx,docx,会议纪要类,会议纪要/多议题,不同议题独立分块；继承会议元数据
docx/会议纪要类/DOCX_0141_会议纪要类_报告.docx,docx,会议纪要类,会议纪要/多议题,不同议题独立分块；继承会议元数据
docx/会议纪要类/DOCX_0142_会议纪要类_材料.docx,docx,会议纪要类,会议纪要/多议题,不同议题独立分块；继承会议元数据
docx/会议纪要类/DOCX_0143_会议纪要类_材料.docx,docx,会议纪要类,会议纪要/多议题,不同议题独立分块；继承会议元数据
docx/会议纪要类/DOCX_0144_会议纪要类_样例.docx,docx,会议纪要类,会议纪要/多议题,不同议题独立分块；继承会议元数据
docx/会议纪要类/DOCX_0145_会议纪要类_记录.docx,docx,会议纪要类,会议纪要/多议题,不同议题独立分块；继承会议元数据
docx/会议纪要类/DOCX_0146_会议纪要类_记录.docx,docx,会议纪要类,会议纪要/多议题,不同议题独立分块；继承会议元数据
docx/会议纪要类/DOCX_0147_会议纪要类_记录.docx,docx,会议纪要类,会议纪要/多议题,不同议题独立分块；继承会议元数据
docx/会议纪要类/DOCX_0148_会议纪要类_材料.docx,docx,会议纪要类,会议纪要/多议题,不同议题独立分块；继承会议元数据
docx/会议纪要类/DOCX_0149_会议纪要类_记录.docx,docx,会议纪要类,会议纪要/多议题,不同议题独立分块；继承会议元数据
docx/会议纪要类/DOCX_0150_会议纪要类_样例.docx,docx,会议纪要类,会议纪要/多议题,不同议题独立分块；继承会议元数据
docx/会议纪要类/DOCX_0151_会议纪要类_材料.docx,docx,会议纪要类,会议纪要/多议题,不同议题独立分块；继承会议元数据
docx/会议纪要类/DOCX_0152_会议纪要类_样例.docx,docx,会议纪要类,会议纪要/多议题,不同议题独立分块；继承会议元数据
docx/会议纪要类/DOCX_0153_会议纪要类_材料.docx,docx,会议纪要类,会议纪要/多议题,不同议题独立分块；继承会议元数据
docx/会议纪要类/DOCX_0154_会议纪要类_报告.docx,docx,会议纪要类,会议纪要/多议题,不同议题独立分块；继承会议元数据
docx/会议纪要类/DOCX_0155_会议纪要类_记录.docx,docx,会议纪要类,会议纪要/多议题,不同议题独立分块；继承会议元数据
docx/会议纪要类/DOCX_0156_会议纪要类_材料.docx,docx,会议纪要类,会议纪要/多议题,不同议题独立分块；继承会议元数据
docx/会议纪要类/DOCX_0157_会议纪要类_材料.docx,docx,会议纪要类,会议纪要/多议题,不同议题独立分块；继承会议元数据
docx/会议纪要类/DOCX_0158_会议纪要类_样例.docx,docx,会议纪要类,会议纪要/多议题,不同议题独立分块；继承会议元数据
docx/会议纪要类/DOCX_0159_会议纪要类_样例.docx,docx,会议纪要类,会议纪要/多议题,不同议题独立分块；继承会议元数据
docx/会议纪要类/DOCX_0160_会议纪要类_报告.docx,docx,会议纪要类,会议纪要/多议题,不同议题独立分块；继承会议元数据
docx/会议纪要类/DOCX_0161_会议纪要类_报告.docx,docx,会议纪要类,会议纪要/多议题,不同议题独立分块；继承会议元数据
docx/会议纪要类/DOCX_0162_会议纪要类_材料.docx,docx,会议纪要类,会议纪要/多议题,不同议题独立分块；继承会议元数据
docx/会议纪要类/DOCX_0163_会议纪要类_样例.docx,docx,会议纪要类,会议纪要/多议题,不同议题独立分块；继承会议元数据
docx/会议纪要类/DOCX_0164_会议纪要类_样例.docx,docx,会议纪要类,会议纪要/多议题,不同议题独立分块；继承会议元数据
docx/会议纪要类/DOCX_0165_会议纪要类_报告.docx,docx,会议纪要类,会议纪要/多议题,不同议题独立分块；继承会议元数据
docx/制度流程类/DOCX_0001_制度流程类_材料.docx,docx,制度流程类,制度条款/条件组,条件列表应同组回填；审批表格保留表头
docx/制度流程类/DOCX_0002_制度流程类_记录.docx,docx,制度流程类,制度条款/条件组,条件列表应同组回填；审批表格保留表头
docx/制度流程类/DOCX_0003_制度流程类_记录.docx,docx,制度流程类,制度条款/条件组,条件列表应同组回填；审批表格保留表头
docx/制度流程类/DOCX_0004_制度流程类_记录.docx,docx,制度流程类,制度条款/条件组,条件列表应同组回填；审批表格保留表头
docx/制度流程类/DOCX_0005_制度流程类_报告.docx,docx,制度流程类,制度条款/条件组,条件列表应同组回填；审批表格保留表头
docx/制度流程类/DOCX_0006_制度流程类_记录.docx,docx,制度流程类,制度条款/条件组,条件列表应同组回填；审批表格保留表头
docx/制度流程类/DOCX_0007_制度流程类_记录.docx,docx,制度流程类,制度条款/条件组,条件列表应同组回填；审批表格保留表头
docx/制度流程类/DOCX_0008_制度流程类_记录.docx,docx,制度流程类,制度条款/条件组,条件列表应同组回填；审批表格保留表头
docx/制度流程类/DOCX_0009_制度流程类_报告.docx,docx,制度流程类,制度条款/条件组,条件列表应同组回填；审批表格保留表头
docx/制度流程类/DOCX_0010_制度流程类_样例.docx,docx,制度流程类,制度条款/条件组,条件列表应同组回填；审批表格保留表头
docx/制度流程类/DOCX_0011_制度流程类_材料.docx,docx,制度流程类,制度条款/条件组,条件列表应同组回填；审批表格保留表头
docx/制度流程类/DOCX_0012_制度流程类_材料.docx,docx,制度流程类,制度条款/条件组,条件列表应同组回填；审批表格保留表头
docx/制度流程类/DOCX_0013_制度流程类_样例.docx,docx,制度流程类,制度条款/条件组,条件列表应同组回填；审批表格保留表头
docx/制度流程类/DOCX_0014_制度流程类_材料.docx,docx,制度流程类,制度条款/条件组,条件列表应同组回填；审批表格保留表头
docx/制度流程类/DOCX_0015_制度流程类_样例.docx,docx,制度流程类,制度条款/条件组,条件列表应同组回填；审批表格保留表头
docx/制度流程类/DOCX_0016_制度流程类_报告.docx,docx,制度流程类,制度条款/条件组,条件列表应同组回填；审批表格保留表头
docx/制度流程类/DOCX_0017_制度流程类_材料.docx,docx,制度流程类,制度条款/条件组,条件列表应同组回填；审批表格保留表头
docx/制度流程类/DOCX_0018_制度流程类_记录.docx,docx,制度流程类,制度条款/条件组,条件列表应同组回填；审批表格保留表头
docx/制度流程类/DOCX_0019_制度流程类_材料.docx,docx,制度流程类,制度条款/条件组,条件列表应同组回填；审批表格保留表头
docx/制度流程类/DOCX_0020_制度流程类_样例.docx,docx,制度流程类,制度条款/条件组,条件列表应同组回填；审批表格保留表头
docx/制度流程类/DOCX_0021_制度流程类_样例.docx,docx,制度流程类,制度条款/条件组,条件列表应同组回填；审批表格保留表头
docx/制度流程类/DOCX_0022_制度流程类_记录.docx,docx,制度流程类,制度条款/条件组,条件列表应同组回填；审批表格保留表头
docx/制度流程类/DOCX_0023_制度流程类_材料.docx,docx,制度流程类,制度条款/条件组,条件列表应同组回填；审批表格保留表头
docx/制度流程类/DOCX_0024_制度流程类_记录.docx,docx,制度流程类,制度条款/条件组,条件列表应同组回填；审批表格保留表头
docx/制度流程类/DOCX_0025_制度流程类_样例.docx,docx,制度流程类,制度条款/条件组,条件列表应同组回填；审批表格保留表头
docx/制度流程类/DOCX_0026_制度流程类_样例.docx,docx,制度流程类,制度条款/条件组,条件列表应同组回填；审批表格保留表头
docx/制度流程类/DOCX_0027_制度流程类_报告.docx,docx,制度流程类,制度条款/条件组,条件列表应同组回填；审批表格保留表头
docx/制度流程类/DOCX_0028_制度流程类_样例.docx,docx,制度流程类,制度条款/条件组,条件列表应同组回填；审批表格保留表头
docx/制度流程类/DOCX_0029_制度流程类_材料.docx,docx,制度流程类,制度条款/条件组,条件列表应同组回填；审批表格保留表头
docx/制度流程类/DOCX_0030_制度流程类_报告.docx,docx,制度流程类,制度条款/条件组,条件列表应同组回填；审批表格保留表头
docx/制度流程类/DOCX_0031_制度流程类_样例.docx,docx,制度流程类,制度条款/条件组,条件列表应同组回填；审批表格保留表头
docx/制度流程类/DOCX_0032_制度流程类_记录.docx,docx,制度流程类,制度条款/条件组,条件列表应同组回填；审批表格保留表头
docx/制度流程类/DOCX_0033_制度流程类_报告.docx,docx,制度流程类,制度条款/条件组,条件列表应同组回填；审批表格保留表头
docx/制度流程类/DOCX_0034_制度流程类_材料.docx,docx,制度流程类,制度条款/条件组,条件列表应同组回填；审批表格保留表头
docx/制度流程类/DOCX_0035_制度流程类_样例.docx,docx,制度流程类,制度条款/条件组,条件列表应同组回填；审批表格保留表头
docx/制度流程类/DOCX_0036_制度流程类_样例.docx,docx,制度流程类,制度条款/条件组,条件列表应同组回填；审批表格保留表头
docx/制度流程类/DOCX_0037_制度流程类_样例.docx,docx,制度流程类,制度条款/条件组,条件列表应同组回填；审批表格保留表头
docx/制度流程类/DOCX_0038_制度流程类_材料.docx,docx,制度流程类,制度条款/条件组,条件列表应同组回填；审批表格保留表头
docx/制度流程类/DOCX_0039_制度流程类_记录.docx,docx,制度流程类,制度条款/条件组,条件列表应同组回填；审批表格保留表头
docx/制度流程类/DOCX_0040_制度流程类_材料.docx,docx,制度流程类,制度条款/条件组,条件列表应同组回填；审批表格保留表头
docx/制度流程类/DOCX_0041_制度流程类_记录.docx,docx,制度流程类,制度条款/条件组,条件列表应同组回填；审批表格保留表头
docx/制度流程类/DOCX_0042_制度流程类_样例.docx,docx,制度流程类,制度条款/条件组,条件列表应同组回填；审批表格保留表头
docx/制度流程类/DOCX_0043_制度流程类_报告.docx,docx,制度流程类,制度条款/条件组,条件列表应同组回填；审批表格保留表头
docx/制度流程类/DOCX_0044_制度流程类_样例.docx,docx,制度流程类,制度条款/条件组,条件列表应同组回填；审批表格保留表头
docx/制度流程类/DOCX_0045_制度流程类_材料.docx,docx,制度流程类,制度条款/条件组,条件列表应同组回填；审批表格保留表头
docx/制度流程类/DOCX_0046_制度流程类_材料.docx,docx,制度流程类,制度条款/条件组,条件列表应同组回填；审批表格保留表头
docx/制度流程类/DOCX_0047_制度流程类_样例.docx,docx,制度流程类,制度条款/条件组,条件列表应同组回填；审批表格保留表头
docx/制度流程类/DOCX_0048_制度流程类_样例.docx,docx,制度流程类,制度条款/条件组,条件列表应同组回填；审批表格保留表头
docx/制度流程类/DOCX_0049_制度流程类_材料.docx,docx,制度流程类,制度条款/条件组,条件列表应同组回填；审批表格保留表头
docx/制度流程类/DOCX_0050_制度流程类_样例.docx,docx,制度流程类,制度条款/条件组,条件列表应同组回填；审批表格保留表头
docx/制度流程类/DOCX_0051_制度流程类_样例.docx,docx,制度流程类,制度条款/条件组,条件列表应同组回填；审批表格保留表头
docx/制度流程类/DOCX_0052_制度流程类_材料.docx,docx,制度流程类,制度条款/条件组,条件列表应同组回填；审批表格保留表头
docx/制度流程类/DOCX_0053_制度流程类_材料.docx,docx,制度流程类,制度条款/条件组,条件列表应同组回填；审批表格保留表头
docx/制度流程类/DOCX_0054_制度流程类_样例.docx,docx,制度流程类,制度条款/条件组,条件列表应同组回填；审批表格保留表头
docx/制度流程类/DOCX_0055_制度流程类_材料.docx,docx,制度流程类,制度条款/条件组,条件列表应同组回填；审批表格保留表头
docx/合同采购类/DOCX_0056_合同采购类_样例.docx,docx,合同采购类,合同/付款节点表,表格行完整召回；付款节点与合同元数据保留
docx/合同采购类/DOCX_0057_合同采购类_样例.docx,docx,合同采购类,合同/付款节点表,表格行完整召回；付款节点与合同元数据保留
docx/合同采购类/DOCX_0058_合同采购类_材料.docx,docx,合同采购类,合同/付款节点表,表格行完整召回；付款节点与合同元数据保留
docx/合同采购类/DOCX_0059_合同采购类_报告.docx,docx,合同采购类,合同/付款节点表,表格行完整召回；付款节点与合同元数据保留
docx/合同采购类/DOCX_0060_合同采购类_报告.docx,docx,合同采购类,合同/付款节点表,表格行完整召回；付款节点与合同元数据保留
docx/合同采购类/DOCX_0061_合同采购类_材料.docx,docx,合同采购类,合同/付款节点表,表格行完整召回；付款节点与合同元数据保留
docx/合同采购类/DOCX_0062_合同采购类_报告.docx,docx,合同采购类,合同/付款节点表,表格行完整召回；付款节点与合同元数据保留
docx/合同采购类/DOCX_0063_合同采购类_记录.docx,docx,合同采购类,合同/付款节点表,表格行完整召回；付款节点与合同元数据保留
docx/合同采购类/DOCX_0064_合同采购类_材料.docx,docx,合同采购类,合同/付款节点表,表格行完整召回；付款节点与合同元数据保留
docx/合同采购类/DOCX_0065_合同采购类_材料.docx,docx,合同采购类,合同/付款节点表,表格行完整召回；付款节点与合同元数据保留
docx/合同采购类/DOCX_0066_合同采购类_样例.docx,docx,合同采购类,合同/付款节点表,表格行完整召回；付款节点与合同元数据保留
docx/合同采购类/DOCX_0067_合同采购类_记录.docx,docx,合同采购类,合同/付款节点表,表格行完整召回；付款节点与合同元数据保留
docx/合同采购类/DOCX_0068_合同采购类_样例.docx,docx,合同采购类,合同/付款节点表,表格行完整召回；付款节点与合同元数据保留
docx/合同采购类/DOCX_0069_合同采购类_材料.docx,docx,合同采购类,合同/付款节点表,表格行完整召回；付款节点与合同元数据保留
docx/合同采购类/DOCX_0070_合同采购类_记录.docx,docx,合同采购类,合同/付款节点表,表格行完整召回；付款节点与合同元数据保留
docx/合同采购类/DOCX_0071_合同采购类_记录.docx,docx,合同采购类,合同/付款节点表,表格行完整召回；付款节点与合同元数据保留
docx/合同采购类/DOCX_0072_合同采购类_材料.docx,docx,合同采购类,合同/付款节点表,表格行完整召回；付款节点与合同元数据保留
docx/合同采购类/DOCX_0073_合同采购类_样例.docx,docx,合同采购类,合同/付款节点表,表格行完整召回；付款节点与合同元数据保留
docx/合同采购类/DOCX_0074_合同采购类_材料.docx,docx,合同采购类,合同/付款节点表,表格行完整召回；付款节点与合同元数据保留
docx/合同采购类/DOCX_0075_合同采购类_报告.docx,docx,合同采购类,合同/付款节点表,表格行完整召回；付款节点与合同元数据保留
docx/合同采购类/DOCX_0076_合同采购类_报告.docx,docx,合同采购类,合同/付款节点表,表格行完整召回；付款节点与合同元数据保留
docx/合同采购类/DOCX_0077_合同采购类_记录.docx,docx,合同采购类,合同/付款节点表,表格行完整召回；付款节点与合同元数据保留
docx/合同采购类/DOCX_0078_合同采购类_材料.docx,docx,合同采购类,合同/付款节点表,表格行完整召回；付款节点与合同元数据保留
docx/合同采购类/DOCX_0079_合同采购类_材料.docx,docx,合同采购类,合同/付款节点表,表格行完整召回；付款节点与合同元数据保留
docx/合同采购类/DOCX_0080_合同采购类_报告.docx,docx,合同采购类,合同/付款节点表,表格行完整召回；付款节点与合同元数据保留
docx/合同采购类/DOCX_0081_合同采购类_记录.docx,docx,合同采购类,合同/付款节点表,表格行完整召回；付款节点与合同元数据保留
docx/合同采购类/DOCX_0082_合同采购类_报告.docx,docx,合同采购类,合同/付款节点表,表格行完整召回；付款节点与合同元数据保留
docx/合同采购类/DOCX_0083_合同采购类_材料.docx,docx,合同采购类,合同/付款节点表,表格行完整召回；付款节点与合同元数据保留
docx/合同采购类/DOCX_0084_合同采购类_样例.docx,docx,合同采购类,合同/付款节点表,表格行完整召回；付款节点与合同元数据保留
docx/合同采购类/DOCX_0085_合同采购类_材料.docx,docx,合同采购类,合同/付款节点表,表格行完整召回；付款节点与合同元数据保留
docx/合同采购类/DOCX_0086_合同采购类_样例.docx,docx,合同采购类,合同/付款节点表,表格行完整召回；付款节点与合同元数据保留
docx/合同采购类/DOCX_0087_合同采购类_记录.docx,docx,合同采购类,合同/付款节点表,表格行完整召回；付款节点与合同元数据保留
docx/合同采购类/DOCX_0088_合同采购类_样例.docx,docx,合同采购类,合同/付款节点表,表格行完整召回；付款节点与合同元数据保留
docx/合同采购类/DOCX_0089_合同采购类_材料.docx,docx,合同采购类,合同/付款节点表,表格行完整召回；付款节点与合同元数据保留
docx/合同采购类/DOCX_0090_合同采购类_材料.docx,docx,合同采购类,合同/付款节点表,表格行完整召回；付款节点与合同元数据保留
docx/合同采购类/DOCX_0091_合同采购类_材料.docx,docx,合同采购类,合同/付款节点表,表格行完整召回；付款节点与合同元数据保留
docx/合同采购类/DOCX_0092_合同采购类_样例.docx,docx,合同采购类,合同/付款节点表,表格行完整召回；付款节点与合同元数据保留
docx/合同采购类/DOCX_0093_合同采购类_样例.docx,docx,合同采购类,合同/付款节点表,表格行完整召回；付款节点与合同元数据保留
docx/合同采购类/DOCX_0094_合同采购类_样例.docx,docx,合同采购类,合同/付款节点表,表格行完整召回；付款节点与合同元数据保留
docx/合同采购类/DOCX_0095_合同采购类_记录.docx,docx,合同采购类,合同/付款节点表,表格行完整召回；付款节点与合同元数据保留
docx/合同采购类/DOCX_0096_合同采购类_报告.docx,docx,合同采购类,合同/付款节点表,表格行完整召回；付款节点与合同元数据保留
docx/合同采购类/DOCX_0097_合同采购类_报告.docx,docx,合同采购类,合同/付款节点表,表格行完整召回；付款节点与合同元数据保留
docx/合同采购类/DOCX_0098_合同采购类_记录.docx,docx,合同采购类,合同/付款节点表,表格行完整召回；付款节点与合同元数据保留
docx/合同采购类/DOCX_0099_合同采购类_记录.docx,docx,合同采购类,合同/付款节点表,表格行完整召回；付款节点与合同元数据保留
docx/合同采购类/DOCX_0100_合同采购类_记录.docx,docx,合同采购类,合同/付款节点表,表格行完整召回；付款节点与合同元数据保留
docx/合同采购类/DOCX_0101_合同采购类_报告.docx,docx,合同采购类,合同/付款节点表,表格行完整召回；付款节点与合同元数据保留
docx/合同采购类/DOCX_0102_合同采购类_记录.docx,docx,合同采购类,合同/付款节点表,表格行完整召回；付款节点与合同元数据保留
docx/合同采购类/DOCX_0103_合同采购类_报告.docx,docx,合同采购类,合同/付款节点表,表格行完整召回；付款节点与合同元数据保留
docx/合同采购类/DOCX_0104_合同采购类_报告.docx,docx,合同采购类,合同/付款节点表,表格行完整召回；付款节点与合同元数据保留
docx/合同采购类/DOCX_0105_合同采购类_记录.docx,docx,合同采购类,合同/付款节点表,表格行完整召回；付款节点与合同元数据保留
docx/合同采购类/DOCX_0106_合同采购类_材料.docx,docx,合同采购类,合同/付款节点表,表格行完整召回；付款节点与合同元数据保留
docx/合同采购类/DOCX_0107_合同采购类_样例.docx,docx,合同采购类,合同/付款节点表,表格行完整召回；付款节点与合同元数据保留
docx/合同采购类/DOCX_0108_合同采购类_报告.docx,docx,合同采购类,合同/付款节点表,表格行完整召回；付款节点与合同元数据保留
docx/合同采购类/DOCX_0109_合同采购类_样例.docx,docx,合同采购类,合同/付款节点表,表格行完整召回；付款节点与合同元数据保留
docx/合同采购类/DOCX_0110_合同采购类_记录.docx,docx,合同采购类,合同/付款节点表,表格行完整召回；付款节点与合同元数据保留
docx/操作手册类/DOCX_0166_操作手册类_记录.docx,docx,操作手册类,操作手册/流程步骤,步骤分块；表格行保留；图注同组
docx/操作手册类/DOCX_0167_操作手册类_报告.docx,docx,操作手册类,操作手册/流程步骤,步骤分块；表格行保留；图注同组
docx/操作手册类/DOCX_0168_操作手册类_报告.docx,docx,操作手册类,操作手册/流程步骤,步骤分块；表格行保留；图注同组
docx/操作手册类/DOCX_0169_操作手册类_报告.docx,docx,操作手册类,操作手册/流程步骤,步骤分块；表格行保留；图注同组
docx/操作手册类/DOCX_0170_操作手册类_报告.docx,docx,操作手册类,操作手册/流程步骤,步骤分块；表格行保留；图注同组
docx/操作手册类/DOCX_0171_操作手册类_样例.docx,docx,操作手册类,操作手册/流程步骤,步骤分块；表格行保留；图注同组
docx/操作手册类/DOCX_0172_操作手册类_记录.docx,docx,操作手册类,操作手册/流程步骤,步骤分块；表格行保留；图注同组
docx/操作手册类/DOCX_0173_操作手册类_样例.docx,docx,操作手册类,操作手册/流程步骤,步骤分块；表格行保留；图注同组
docx/操作手册类/DOCX_0174_操作手册类_报告.docx,docx,操作手册类,操作手册/流程步骤,步骤分块；表格行保留；图注同组
docx/操作手册类/DOCX_0175_操作手册类_样例.docx,docx,操作手册类,操作手册/流程步骤,步骤分块；表格行保留；图注同组
docx/操作手册类/DOCX_0176_操作手册类_样例.docx,docx,操作手册类,操作手册/流程步骤,步骤分块；表格行保留；图注同组
docx/操作手册类/DOCX_0177_操作手册类_材料.docx,docx,操作手册类,操作手册/流程步骤,步骤分块；表格行保留；图注同组
docx/操作手册类/DOCX_0178_操作手册类_样例.docx,docx,操作手册类,操作手册/流程步骤,步骤分块；表格行保留；图注同组
docx/操作手册类/DOCX_0179_操作手册类_记录.docx,docx,操作手册类,操作手册/流程步骤,步骤分块；表格行保留；图注同组
docx/操作手册类/DOCX_0180_操作手册类_样例.docx,docx,操作手册类,操作手册/流程步骤,步骤分块；表格行保留；图注同组
docx/操作手册类/DOCX_0181_操作手册类_报告.docx,docx,操作手册类,操作手册/流程步骤,步骤分块；表格行保留；图注同组
docx/操作手册类/DOCX_0182_操作手册类_材料.docx,docx,操作手册类,操作手册/流程步骤,步骤分块；表格行保留；图注同组
docx/操作手册类/DOCX_0183_操作手册类_记录.docx,docx,操作手册类,操作手册/流程步骤,步骤分块；表格行保留；图注同组
docx/操作手册类/DOCX_0184_操作手册类_样例.docx,docx,操作手册类,操作手册/流程步骤,步骤分块；表格行保留；图注同组
docx/操作手册类/DOCX_0185_操作手册类_材料.docx,docx,操作手册类,操作手册/流程步骤,步骤分块；表格行保留；图注同组
docx/操作手册类/DOCX_0186_操作手册类_记录.docx,docx,操作手册类,操作手册/流程步骤,步骤分块；表格行保留；图注同组
docx/操作手册类/DOCX_0187_操作手册类_样例.docx,docx,操作手册类,操作手册/流程步骤,步骤分块；表格行保留；图注同组
docx/操作手册类/DOCX_0188_操作手册类_样例.docx,docx,操作手册类,操作手册/流程步骤,步骤分块；表格行保留；图注同组
docx/操作手册类/DOCX_0189_操作手册类_报告.docx,docx,操作手册类,操作手册/流程步骤,步骤分块；表格行保留；图注同组
docx/操作手册类/DOCX_0190_操作手册类_样例.docx,docx,操作手册类,操作手册/流程步骤,步骤分块；表格行保留；图注同组
docx/操作手册类/DOCX_0191_操作手册类_报告.docx,docx,操作手册类,操作手册/流程步骤,步骤分块；表格行保留；图注同组
docx/操作手册类/DOCX_0192_操作手册类_材料.docx,docx,操作手册类,操作手册/流程步骤,步骤分块；表格行保留；图注同组
docx/操作手册类/DOCX_0193_操作手册类_报告.docx,docx,操作手册类,操作手册/流程步骤,步骤分块；表格行保留；图注同组
docx/操作手册类/DOCX_0194_操作手册类_材料.docx,docx,操作手册类,操作手册/流程步骤,步骤分块；表格行保留；图注同组
docx/操作手册类/DOCX_0195_操作手册类_记录.docx,docx,操作手册类,操作手册/流程步骤,步骤分块；表格行保留；图注同组
docx/操作手册类/DOCX_0196_操作手册类_材料.docx,docx,操作手册类,操作手册/流程步骤,步骤分块；表格行保留；图注同组
docx/操作手册类/DOCX_0197_操作手册类_记录.docx,docx,操作手册类,操作手册/流程步骤,步骤分块；表格行保留；图注同组
docx/操作手册类/DOCX_0198_操作手册类_记录.docx,docx,操作手册类,操作手册/流程步骤,步骤分块；表格行保留；图注同组
docx/操作手册类/DOCX_0199_操作手册类_记录.docx,docx,操作手册类,操作手册/流程步骤,步骤分块；表格行保留；图注同组
docx/操作手册类/DOCX_0200_操作手册类_报告.docx,docx,操作手册类,操作手册/流程步骤,步骤分块；表格行保留；图注同组
docx/操作手册类/DOCX_0201_操作手册类_记录.docx,docx,操作手册类,操作手册/流程步骤,步骤分块；表格行保留；图注同组
docx/操作手册类/DOCX_0202_操作手册类_报告.docx,docx,操作手册类,操作手册/流程步骤,步骤分块；表格行保留；图注同组
docx/操作手册类/DOCX_0203_操作手册类_材料.docx,docx,操作手册类,操作手册/流程步骤,步骤分块；表格行保留；图注同组
docx/操作手册类/DOCX_0204_操作手册类_记录.docx,docx,操作手册类,操作手册/流程步骤,步骤分块；表格行保留；图注同组
docx/操作手册类/DOCX_0205_操作手册类_样例.docx,docx,操作手册类,操作手册/流程步骤,步骤分块；表格行保留；图注同组
docx/操作手册类/DOCX_0206_操作手册类_样例.docx,docx,操作手册类,操作手册/流程步骤,步骤分块；表格行保留；图注同组
docx/操作手册类/DOCX_0207_操作手册类_报告.docx,docx,操作手册类,操作手册/流程步骤,步骤分块；表格行保留；图注同组
docx/操作手册类/DOCX_0208_操作手册类_记录.docx,docx,操作手册类,操作手册/流程步骤,步骤分块；表格行保留；图注同组
docx/操作手册类/DOCX_0209_操作手册类_样例.docx,docx,操作手册类,操作手册/流程步骤,步骤分块；表格行保留；图注同组
docx/操作手册类/DOCX_0210_操作手册类_报告.docx,docx,操作手册类,操作手册/流程步骤,步骤分块；表格行保留；图注同组
docx/档案材料类/DOCX_0256_档案材料类_材料.docx,docx,档案材料类,档案卷件附件层级,chunk 继承档案 metadata
docx/档案材料类/DOCX_0257_档案材料类_报告.docx,docx,档案材料类,档案卷件附件层级,chunk 继承档案 metadata
docx/档案材料类/DOCX_0258_档案材料类_材料.docx,docx,档案材料类,档案卷件附件层级,chunk 继承档案 metadata
docx/档案材料类/DOCX_0259_档案材料类_记录.docx,docx,档案材料类,档案卷件附件层级,chunk 继承档案 metadata
docx/档案材料类/DOCX_0260_档案材料类_材料.docx,docx,档案材料类,档案卷件附件层级,chunk 继承档案 metadata
docx/档案材料类/DOCX_0261_档案材料类_材料.docx,docx,档案材料类,档案卷件附件层级,chunk 继承档案 metadata
docx/档案材料类/DOCX_0262_档案材料类_材料.docx,docx,档案材料类,档案卷件附件层级,chunk 继承档案 metadata
docx/档案材料类/DOCX_0263_档案材料类_报告.docx,docx,档案材料类,档案卷件附件层级,chunk 继承档案 metadata
docx/档案材料类/DOCX_0264_档案材料类_记录.docx,docx,档案材料类,档案卷件附件层级,chunk 继承档案 metadata
docx/档案材料类/DOCX_0265_档案材料类_记录.docx,docx,档案材料类,档案卷件附件层级,chunk 继承档案 metadata
docx/档案材料类/DOCX_0266_档案材料类_材料.docx,docx,档案材料类,档案卷件附件层级,chunk 继承档案 metadata
docx/档案材料类/DOCX_0267_档案材料类_样例.docx,docx,档案材料类,档案卷件附件层级,chunk 继承档案 metadata
docx/档案材料类/DOCX_0268_档案材料类_记录.docx,docx,档案材料类,档案卷件附件层级,chunk 继承档案 metadata
docx/档案材料类/DOCX_0269_档案材料类_记录.docx,docx,档案材料类,档案卷件附件层级,chunk 继承档案 metadata
docx/档案材料类/DOCX_0270_档案材料类_样例.docx,docx,档案材料类,档案卷件附件层级,chunk 继承档案 metadata
docx/档案材料类/DOCX_0271_档案材料类_材料.docx,docx,档案材料类,档案卷件附件层级,chunk 继承档案 metadata
docx/档案材料类/DOCX_0272_档案材料类_样例.docx,docx,档案材料类,档案卷件附件层级,chunk 继承档案 metadata
docx/档案材料类/DOCX_0273_档案材料类_报告.docx,docx,档案材料类,档案卷件附件层级,chunk 继承档案 metadata
docx/档案材料类/DOCX_0274_档案材料类_材料.docx,docx,档案材料类,档案卷件附件层级,chunk 继承档案 metadata
docx/档案材料类/DOCX_0275_档案材料类_报告.docx,docx,档案材料类,档案卷件附件层级,chunk 继承档案 metadata
docx/档案材料类/DOCX_0276_档案材料类_报告.docx,docx,档案材料类,档案卷件附件层级,chunk 继承档案 metadata
docx/档案材料类/DOCX_0277_档案材料类_样例.docx,docx,档案材料类,档案卷件附件层级,chunk 继承档案 metadata
docx/档案材料类/DOCX_0278_档案材料类_样例.docx,docx,档案材料类,档案卷件附件层级,chunk 继承档案 metadata
docx/档案材料类/DOCX_0279_档案材料类_材料.docx,docx,档案材料类,档案卷件附件层级,chunk 继承档案 metadata
docx/档案材料类/DOCX_0280_档案材料类_记录.docx,docx,档案材料类,档案卷件附件层级,chunk 继承档案 metadata
docx/档案材料类/DOCX_0281_档案材料类_材料.docx,docx,档案材料类,档案卷件附件层级,chunk 继承档案 metadata
docx/档案材料类/DOCX_0282_档案材料类_材料.docx,docx,档案材料类,档案卷件附件层级,chunk 继承档案 metadata
docx/档案材料类/DOCX_0283_档案材料类_材料.docx,docx,档案材料类,档案卷件附件层级,chunk 继承档案 metadata
docx/档案材料类/DOCX_0284_档案材料类_样例.docx,docx,档案材料类,档案卷件附件层级,chunk 继承档案 metadata
docx/档案材料类/DOCX_0285_档案材料类_样例.docx,docx,档案材料类,档案卷件附件层级,chunk 继承档案 metadata
docx/档案材料类/DOCX_0286_档案材料类_报告.docx,docx,档案材料类,档案卷件附件层级,chunk 继承档案 metadata
docx/档案材料类/DOCX_0287_档案材料类_样例.docx,docx,档案材料类,档案卷件附件层级,chunk 继承档案 metadata
docx/档案材料类/DOCX_0288_档案材料类_报告.docx,docx,档案材料类,档案卷件附件层级,chunk 继承档案 metadata
docx/档案材料类/DOCX_0289_档案材料类_样例.docx,docx,档案材料类,档案卷件附件层级,chunk 继承档案 metadata
docx/档案材料类/DOCX_0290_档案材料类_记录.docx,docx,档案材料类,档案卷件附件层级,chunk 继承档案 metadata
docx/档案材料类/DOCX_0291_档案材料类_报告.docx,docx,档案材料类,档案卷件附件层级,chunk 继承档案 metadata
docx/档案材料类/DOCX_0292_档案材料类_材料.docx,docx,档案材料类,档案卷件附件层级,chunk 继承档案 metadata
docx/档案材料类/DOCX_0293_档案材料类_材料.docx,docx,档案材料类,档案卷件附件层级,chunk 继承档案 metadata
docx/档案材料类/DOCX_0294_档案材料类_材料.docx,docx,档案材料类,档案卷件附件层级,chunk 继承档案 metadata
docx/档案材料类/DOCX_0295_档案材料类_材料.docx,docx,档案材料类,档案卷件附件层级,chunk 继承档案 metadata
docx/档案材料类/DOCX_0296_档案材料类_记录.docx,docx,档案材料类,档案卷件附件层级,chunk 继承档案 metadata
docx/档案材料类/DOCX_0297_档案材料类_记录.docx,docx,档案材料类,档案卷件附件层级,chunk 继承档案 metadata
docx/档案材料类/DOCX_0298_档案材料类_报告.docx,docx,档案材料类,档案卷件附件层级,chunk 继承档案 metadata
docx/档案材料类/DOCX_0299_档案材料类_样例.docx,docx,档案材料类,档案卷件附件层级,chunk 继承档案 metadata
docx/档案材料类/DOCX_0300_档案材料类_材料.docx,docx,档案材料类,档案卷件附件层级,chunk 继承档案 metadata
docx/验收报告类/DOCX_0211_验收报告类_材料.docx,docx,验收报告类,验收报告/表格,表头与行记录完整召回
docx/验收报告类/DOCX_0212_验收报告类_材料.docx,docx,验收报告类,验收报告/表格,表头与行记录完整召回
docx/验收报告类/DOCX_0213_验收报告类_材料.docx,docx,验收报告类,验收报告/表格,表头与行记录完整召回
docx/验收报告类/DOCX_0214_验收报告类_材料.docx,docx,验收报告类,验收报告/表格,表头与行记录完整召回
docx/验收报告类/DOCX_0215_验收报告类_材料.docx,docx,验收报告类,验收报告/表格,表头与行记录完整召回
docx/验收报告类/DOCX_0216_验收报告类_样例.docx,docx,验收报告类,验收报告/表格,表头与行记录完整召回
docx/验收报告类/DOCX_0217_验收报告类_样例.docx,docx,验收报告类,验收报告/表格,表头与行记录完整召回
docx/验收报告类/DOCX_0218_验收报告类_记录.docx,docx,验收报告类,验收报告/表格,表头与行记录完整召回
docx/验收报告类/DOCX_0219_验收报告类_报告.docx,docx,验收报告类,验收报告/表格,表头与行记录完整召回
docx/验收报告类/DOCX_0220_验收报告类_样例.docx,docx,验收报告类,验收报告/表格,表头与行记录完整召回
docx/验收报告类/DOCX_0221_验收报告类_样例.docx,docx,验收报告类,验收报告/表格,表头与行记录完整召回
docx/验收报告类/DOCX_0222_验收报告类_报告.docx,docx,验收报告类,验收报告/表格,表头与行记录完整召回
docx/验收报告类/DOCX_0223_验收报告类_记录.docx,docx,验收报告类,验收报告/表格,表头与行记录完整召回
docx/验收报告类/DOCX_0224_验收报告类_材料.docx,docx,验收报告类,验收报告/表格,表头与行记录完整召回
docx/验收报告类/DOCX_0225_验收报告类_报告.docx,docx,验收报告类,验收报告/表格,表头与行记录完整召回
docx/验收报告类/DOCX_0226_验收报告类_材料.docx,docx,验收报告类,验收报告/表格,表头与行记录完整召回
docx/验收报告类/DOCX_0227_验收报告类_材料.docx,docx,验收报告类,验收报告/表格,表头与行记录完整召回
docx/验收报告类/DOCX_0228_验收报告类_样例.docx,docx,验收报告类,验收报告/表格,表头与行记录完整召回
docx/验收报告类/DOCX_0229_验收报告类_样例.docx,docx,验收报告类,验收报告/表格,表头与行记录完整召回
docx/验收报告类/DOCX_0230_验收报告类_材料.docx,docx,验收报告类,验收报告/表格,表头与行记录完整召回
docx/验收报告类/DOCX_0231_验收报告类_记录.docx,docx,验收报告类,验收报告/表格,表头与行记录完整召回
docx/验收报告类/DOCX_0232_验收报告类_样例.docx,docx,验收报告类,验收报告/表格,表头与行记录完整召回
docx/验收报告类/DOCX_0233_验收报告类_报告.docx,docx,验收报告类,验收报告/表格,表头与行记录完整召回
docx/验收报告类/DOCX_0234_验收报告类_报告.docx,docx,验收报告类,验收报告/表格,表头与行记录完整召回
docx/验收报告类/DOCX_0235_验收报告类_记录.docx,docx,验收报告类,验收报告/表格,表头与行记录完整召回
docx/验收报告类/DOCX_0236_验收报告类_材料.docx,docx,验收报告类,验收报告/表格,表头与行记录完整召回
docx/验收报告类/DOCX_0237_验收报告类_样例.docx,docx,验收报告类,验收报告/表格,表头与行记录完整召回
docx/验收报告类/DOCX_0238_验收报告类_材料.docx,docx,验收报告类,验收报告/表格,表头与行记录完整召回
docx/验收报告类/DOCX_0239_验收报告类_材料.docx,docx,验收报告类,验收报告/表格,表头与行记录完整召回
docx/验收报告类/DOCX_0240_验收报告类_记录.docx,docx,验收报告类,验收报告/表格,表头与行记录完整召回
docx/验收报告类/DOCX_0241_验收报告类_报告.docx,docx,验收报告类,验收报告/表格,表头与行记录完整召回
docx/验收报告类/DOCX_0242_验收报告类_报告.docx,docx,验收报告类,验收报告/表格,表头与行记录完整召回
docx/验收报告类/DOCX_0243_验收报告类_记录.docx,docx,验收报告类,验收报告/表格,表头与行记录完整召回
docx/验收报告类/DOCX_0244_验收报告类_报告.docx,docx,验收报告类,验收报告/表格,表头与行记录完整召回
docx/验收报告类/DOCX_0245_验收报告类_样例.docx,docx,验收报告类,验收报告/表格,表头与行记录完整召回
docx/验收报告类/DOCX_0246_验收报告类_报告.docx,docx,验收报告类,验收报告/表格,表头与行记录完整召回
docx/验收报告类/DOCX_0247_验收报告类_材料.docx,docx,验收报告类,验收报告/表格,表头与行记录完整召回
docx/验收报告类/DOCX_0248_验收报告类_报告.docx,docx,验收报告类,验收报告/表格,表头与行记录完整召回
docx/验收报告类/DOCX_0249_验收报告类_报告.docx,docx,验收报告类,验收报告/表格,表头与行记录完整召回
docx/验收报告类/DOCX_0250_验收报告类_样例.docx,docx,验收报告类,验收报告/表格,表头与行记录完整召回
docx/验收报告类/DOCX_0251_验收报告类_报告.docx,docx,验收报告类,验收报告/表格,表头与行记录完整召回
docx/验收报告类/DOCX_0252_验收报告类_材料.docx,docx,验收报告类,验收报告/表格,表头与行记录完整召回
docx/验收报告类/DOCX_0253_验收报告类_报告.docx,docx,验收报告类,验收报告/表格,表头与行记录完整召回
docx/验收报告类/DOCX_0254_验收报告类_记录.docx,docx,验收报告类,验收报告/表格,表头与行记录完整召回
docx/验收报告类/DOCX_0255_验收报告类_样例.docx,docx,验收报告类,验收报告/表格,表头与行记录完整召回
pdf/双栏报告类/PDF_0461_双栏报告类.pdf,pdf,双栏报告类,双栏PDF阅读顺序,按阅读顺序解析
pdf/双栏报告类/PDF_0462_双栏报告类.pdf,pdf,双栏报告类,双栏PDF阅读顺序,按阅读顺序解析
pdf/双栏报告类/PDF_0463_双栏报告类.pdf,pdf,双栏报告类,双栏PDF阅读顺序,按阅读顺序解析
pdf/双栏报告类/PDF_0464_双栏报告类.pdf,pdf,双栏报告类,双栏PDF阅读顺序,按阅读顺序解析
pdf/双栏报告类/PDF_0465_双栏报告类.pdf,pdf,双栏报告类,双栏PDF阅读顺序,按阅读顺序解析
pdf/双栏报告类/PDF_0466_双栏报告类.pdf,pdf,双栏报告类,双栏PDF阅读顺序,按阅读顺序解析
pdf/双栏报告类/PDF_0467_双栏报告类.pdf,pdf,双栏报告类,双栏PDF阅读顺序,按阅读顺序解析
pdf/双栏报告类/PDF_0468_双栏报告类.pdf,pdf,双栏报告类,双栏PDF阅读顺序,按阅读顺序解析
pdf/双栏报告类/PDF_0469_双栏报告类.pdf,pdf,双栏报告类,双栏PDF阅读顺序,按阅读顺序解析
pdf/双栏报告类/PDF_0470_双栏报告类.pdf,pdf,双栏报告类,双栏PDF阅读顺序,按阅读顺序解析
pdf/双栏报告类/PDF_0471_双栏报告类.pdf,pdf,双栏报告类,双栏PDF阅读顺序,按阅读顺序解析
pdf/双栏报告类/PDF_0472_双栏报告类.pdf,pdf,双栏报告类,双栏PDF阅读顺序,按阅读顺序解析
pdf/双栏报告类/PDF_0473_双栏报告类.pdf,pdf,双栏报告类,双栏PDF阅读顺序,按阅读顺序解析
pdf/双栏报告类/PDF_0474_双栏报告类.pdf,pdf,双栏报告类,双栏PDF阅读顺序,按阅读顺序解析
pdf/双栏报告类/PDF_0475_双栏报告类.pdf,pdf,双栏报告类,双栏PDF阅读顺序,按阅读顺序解析
pdf/双栏报告类/PDF_0476_双栏报告类.pdf,pdf,双栏报告类,双栏PDF阅读顺序,按阅读顺序解析
pdf/双栏报告类/PDF_0477_双栏报告类.pdf,pdf,双栏报告类,双栏PDF阅读顺序,按阅读顺序解析
pdf/双栏报告类/PDF_0478_双栏报告类.pdf,pdf,双栏报告类,双栏PDF阅读顺序,按阅读顺序解析
pdf/双栏报告类/PDF_0479_双栏报告类.pdf,pdf,双栏报告类,双栏PDF阅读顺序,按阅读顺序解析
pdf/双栏报告类/PDF_0480_双栏报告类.pdf,pdf,双栏报告类,双栏PDF阅读顺序,按阅读顺序解析
pdf/扫描OCR类/PDF_0421_扫描OCR类.pdf,pdf,扫描OCR类,扫描PDF/OCR噪声,去除页眉页脚；保留页码和置信度
pdf/扫描OCR类/PDF_0422_扫描OCR类.pdf,pdf,扫描OCR类,扫描PDF/OCR噪声,去除页眉页脚；保留页码和置信度
pdf/扫描OCR类/PDF_0423_扫描OCR类.pdf,pdf,扫描OCR类,扫描PDF/OCR噪声,去除页眉页脚；保留页码和置信度
pdf/扫描OCR类/PDF_0424_扫描OCR类.pdf,pdf,扫描OCR类,扫描PDF/OCR噪声,去除页眉页脚；保留页码和置信度
pdf/扫描OCR类/PDF_0425_扫描OCR类.pdf,pdf,扫描OCR类,扫描PDF/OCR噪声,去除页眉页脚；保留页码和置信度
pdf/扫描OCR类/PDF_0426_扫描OCR类.pdf,pdf,扫描OCR类,扫描PDF/OCR噪声,去除页眉页脚；保留页码和置信度
pdf/扫描OCR类/PDF_0427_扫描OCR类.pdf,pdf,扫描OCR类,扫描PDF/OCR噪声,去除页眉页脚；保留页码和置信度
pdf/扫描OCR类/PDF_0428_扫描OCR类.pdf,pdf,扫描OCR类,扫描PDF/OCR噪声,去除页眉页脚；保留页码和置信度
pdf/扫描OCR类/PDF_0429_扫描OCR类.pdf,pdf,扫描OCR类,扫描PDF/OCR噪声,去除页眉页脚；保留页码和置信度
pdf/扫描OCR类/PDF_0430_扫描OCR类.pdf,pdf,扫描OCR类,扫描PDF/OCR噪声,去除页眉页脚；保留页码和置信度
pdf/扫描OCR类/PDF_0431_扫描OCR类.pdf,pdf,扫描OCR类,扫描PDF/OCR噪声,去除页眉页脚；保留页码和置信度
pdf/扫描OCR类/PDF_0432_扫描OCR类.pdf,pdf,扫描OCR类,扫描PDF/OCR噪声,去除页眉页脚；保留页码和置信度
pdf/扫描OCR类/PDF_0433_扫描OCR类.pdf,pdf,扫描OCR类,扫描PDF/OCR噪声,去除页眉页脚；保留页码和置信度
pdf/扫描OCR类/PDF_0434_扫描OCR类.pdf,pdf,扫描OCR类,扫描PDF/OCR噪声,去除页眉页脚；保留页码和置信度
pdf/扫描OCR类/PDF_0435_扫描OCR类.pdf,pdf,扫描OCR类,扫描PDF/OCR噪声,去除页眉页脚；保留页码和置信度
pdf/扫描OCR类/PDF_0436_扫描OCR类.pdf,pdf,扫描OCR类,扫描PDF/OCR噪声,去除页眉页脚；保留页码和置信度
pdf/扫描OCR类/PDF_0437_扫描OCR类.pdf,pdf,扫描OCR类,扫描PDF/OCR噪声,去除页眉页脚；保留页码和置信度
pdf/扫描OCR类/PDF_0438_扫描OCR类.pdf,pdf,扫描OCR类,扫描PDF/OCR噪声,去除页眉页脚；保留页码和置信度
pdf/扫描OCR类/PDF_0439_扫描OCR类.pdf,pdf,扫描OCR类,扫描PDF/OCR噪声,去除页眉页脚；保留页码和置信度
pdf/扫描OCR类/PDF_0440_扫描OCR类.pdf,pdf,扫描OCR类,扫描PDF/OCR噪声,去除页眉页脚；保留页码和置信度
pdf/签章合同类/PDF_0441_签章合同类.pdf,pdf,签章合同类,签章合同PDF/表格,PDF表格行完整召回
pdf/签章合同类/PDF_0442_签章合同类.pdf,pdf,签章合同类,签章合同PDF/表格,PDF表格行完整召回
pdf/签章合同类/PDF_0443_签章合同类.pdf,pdf,签章合同类,签章合同PDF/表格,PDF表格行完整召回
pdf/签章合同类/PDF_0444_签章合同类.pdf,pdf,签章合同类,签章合同PDF/表格,PDF表格行完整召回
pdf/签章合同类/PDF_0445_签章合同类.pdf,pdf,签章合同类,签章合同PDF/表格,PDF表格行完整召回
pdf/签章合同类/PDF_0446_签章合同类.pdf,pdf,签章合同类,签章合同PDF/表格,PDF表格行完整召回
pdf/签章合同类/PDF_0447_签章合同类.pdf,pdf,签章合同类,签章合同PDF/表格,PDF表格行完整召回
pdf/签章合同类/PDF_0448_签章合同类.pdf,pdf,签章合同类,签章合同PDF/表格,PDF表格行完整召回
pdf/签章合同类/PDF_0449_签章合同类.pdf,pdf,签章合同类,签章合同PDF/表格,PDF表格行完整召回
pdf/签章合同类/PDF_0450_签章合同类.pdf,pdf,签章合同类,签章合同PDF/表格,PDF表格行完整召回
pdf/签章合同类/PDF_0451_签章合同类.pdf,pdf,签章合同类,签章合同PDF/表格,PDF表格行完整召回
pdf/签章合同类/PDF_0452_签章合同类.pdf,pdf,签章合同类,签章合同PDF/表格,PDF表格行完整召回
pdf/签章合同类/PDF_0453_签章合同类.pdf,pdf,签章合同类,签章合同PDF/表格,PDF表格行完整召回
pdf/签章合同类/PDF_0454_签章合同类.pdf,pdf,签章合同类,签章合同PDF/表格,PDF表格行完整召回
pdf/签章合同类/PDF_0455_签章合同类.pdf,pdf,签章合同类,签章合同PDF/表格,PDF表格行完整召回
pdf/签章合同类/PDF_0456_签章合同类.pdf,pdf,签章合同类,签章合同PDF/表格,PDF表格行完整召回
pdf/签章合同类/PDF_0457_签章合同类.pdf,pdf,签章合同类,签章合同PDF/表格,PDF表格行完整召回
pdf/签章合同类/PDF_0458_签章合同类.pdf,pdf,签章合同类,签章合同PDF/表格,PDF表格行完整召回
pdf/签章合同类/PDF_0459_签章合同类.pdf,pdf,签章合同类,签章合同PDF/表格,PDF表格行完整召回
pdf/签章合同类/PDF_0460_签章合同类.pdf,pdf,签章合同类,签章合同PDF/表格,PDF表格行完整召回
pdf/通知图注类/PDF_0481_通知图注类.pdf,pdf,通知图注类,PDF图注/通知,正文图号回填图注
pdf/通知图注类/PDF_0482_通知图注类.pdf,pdf,通知图注类,PDF图注/通知,正文图号回填图注
pdf/通知图注类/PDF_0483_通知图注类.pdf,pdf,通知图注类,PDF图注/通知,正文图号回填图注
pdf/通知图注类/PDF_0484_通知图注类.pdf,pdf,通知图注类,PDF图注/通知,正文图号回填图注
pdf/通知图注类/PDF_0485_通知图注类.pdf,pdf,通知图注类,PDF图注/通知,正文图号回填图注
pdf/通知图注类/PDF_0486_通知图注类.pdf,pdf,通知图注类,PDF图注/通知,正文图号回填图注
pdf/通知图注类/PDF_0487_通知图注类.pdf,pdf,通知图注类,PDF图注/通知,正文图号回填图注
pdf/通知图注类/PDF_0488_通知图注类.pdf,pdf,通知图注类,PDF图注/通知,正文图号回填图注
pdf/通知图注类/PDF_0489_通知图注类.pdf,pdf,通知图注类,PDF图注/通知,正文图号回填图注
pdf/通知图注类/PDF_0490_通知图注类.pdf,pdf,通知图注类,PDF图注/通知,正文图号回填图注
pdf/通知图注类/PDF_0491_通知图注类.pdf,pdf,通知图注类,PDF图注/通知,正文图号回填图注
pdf/通知图注类/PDF_0492_通知图注类.pdf,pdf,通知图注类,PDF图注/通知,正文图号回填图注
pdf/通知图注类/PDF_0493_通知图注类.pdf,pdf,通知图注类,PDF图注/通知,正文图号回填图注
pdf/通知图注类/PDF_0494_通知图注类.pdf,pdf,通知图注类,PDF图注/通知,正文图号回填图注
pdf/通知图注类/PDF_0495_通知图注类.pdf,pdf,通知图注类,PDF图注/通知,正文图号回填图注
pdf/通知图注类/PDF_0496_通知图注类.pdf,pdf,通知图注类,PDF图注/通知,正文图号回填图注
pdf/通知图注类/PDF_0497_通知图注类.pdf,pdf,通知图注类,PDF图注/通知,正文图号回填图注
pdf/通知图注类/PDF_0498_通知图注类.pdf,pdf,通知图注类,PDF图注/通知,正文图号回填图注
pdf/通知图注类/PDF_0499_通知图注类.pdf,pdf,通知图注类,PDF图注/通知,正文图号回填图注
pdf/通知图注类/PDF_0500_通知图注类.pdf,pdf,通知图注类,PDF图注/通知,正文图号回填图注
xlsx/OCR质量日报类/XLSX_0397_OCR质量日报类（FMGK）.xlsx,xlsx,OCR质量日报类,OCR质量日报,置信度字段/行记录
xlsx/OCR质量日报类/XLSX_0398_OCR质量日报类.xlsx,xlsx,OCR质量日报类,OCR质量日报,置信度字段/行记录
xlsx/OCR质量日报类/XLSX_0399_OCR质量日报类.xlsx,xlsx,OCR质量日报类,OCR质量日报,置信度字段/行记录
xlsx/OCR质量日报类/XLSX_0400_OCR质量日报类.xlsx,xlsx,OCR质量日报类,OCR质量日报,置信度字段/行记录
xlsx/OCR质量日报类/XLSX_0401_OCR质量日报类.xlsx,xlsx,OCR质量日报类,OCR质量日报,置信度字段/行记录
xlsx/OCR质量日报类/XLSX_0402_OCR质量日报类.xlsx,xlsx,OCR质量日报类,OCR质量日报,置信度字段/行记录
xlsx/OCR质量日报类/XLSX_0403_OCR质量日报类.xlsx,xlsx,OCR质量日报类,OCR质量日报,置信度字段/行记录
xlsx/OCR质量日报类/XLSX_0404_OCR质量日报类.xlsx,xlsx,OCR质量日报类,OCR质量日报,置信度字段/行记录
xlsx/OCR质量日报类/XLSX_0405_OCR质量日报类.xlsx,xlsx,OCR质量日报类,OCR质量日报,置信度字段/行记录
xlsx/OCR质量日报类/XLSX_0406_OCR质量日报类.xlsx,xlsx,OCR质量日报类,OCR质量日报,置信度字段/行记录
xlsx/OCR质量日报类/XLSX_0407_OCR质量日报类.xlsx,xlsx,OCR质量日报类,OCR质量日报,置信度字段/行记录
xlsx/OCR质量日报类/XLSX_0408_OCR质量日报类.xlsx,xlsx,OCR质量日报类,OCR质量日报,置信度字段/行记录
xlsx/OCR质量日报类/XLSX_0409_OCR质量日报类.xlsx,xlsx,OCR质量日报类,OCR质量日报,置信度字段/行记录
xlsx/OCR质量日报类/XLSX_0410_OCR质量日报类.xlsx,xlsx,OCR质量日报类,OCR质量日报,置信度字段/行记录
xlsx/OCR质量日报类/XLSX_0411_OCR质量日报类.xlsx,xlsx,OCR质量日报类,OCR质量日报,置信度字段/行记录
xlsx/OCR质量日报类/XLSX_0412_OCR质量日报类.xlsx,xlsx,OCR质量日报类,OCR质量日报,置信度字段/行记录
xlsx/OCR质量日报类/XLSX_0413_OCR质量日报类.xlsx,xlsx,OCR质量日报类,OCR质量日报,置信度字段/行记录
xlsx/OCR质量日报类/XLSX_0414_OCR质量日报类.xlsx,xlsx,OCR质量日报类,OCR质量日报,置信度字段/行记录
xlsx/OCR质量日报类/XLSX_0415_OCR质量日报类.xlsx,xlsx,OCR质量日报类,OCR质量日报,置信度字段/行记录
xlsx/OCR质量日报类/XLSX_0416_OCR质量日报类.xlsx,xlsx,OCR质量日报类,OCR质量日报,置信度字段/行记录
xlsx/OCR质量日报类/XLSX_0417_OCR质量日报类.xlsx,xlsx,OCR质量日报类,OCR质量日报,置信度字段/行记录
xlsx/OCR质量日报类/XLSX_0418_OCR质量日报类.xlsx,xlsx,OCR质量日报类,OCR质量日报,置信度字段/行记录
xlsx/OCR质量日报类/XLSX_0419_OCR质量日报类.xlsx,xlsx,OCR质量日报类,OCR质量日报,置信度字段/行记录
xlsx/OCR质量日报类/XLSX_0420_OCR质量日报类.xlsx,xlsx,OCR质量日报类,OCR质量日报,置信度字段/行记录
xlsx/档案移交清单类/XLSX_0349_档案移交清单类.xlsx,xlsx,档案移交清单类,档案移交清单,树形表格/父子行
xlsx/档案移交清单类/XLSX_0350_档案移交清单类.xlsx,xlsx,档案移交清单类,档案移交清单,树形表格/父子行
xlsx/档案移交清单类/XLSX_0351_档案移交清单类.xlsx,xlsx,档案移交清单类,档案移交清单,树形表格/父子行
xlsx/档案移交清单类/XLSX_0352_档案移交清单类.xlsx,xlsx,档案移交清单类,档案移交清单,树形表格/父子行
xlsx/档案移交清单类/XLSX_0353_档案移交清单类.xlsx,xlsx,档案移交清单类,档案移交清单,树形表格/父子行
xlsx/档案移交清单类/XLSX_0354_档案移交清单类.xlsx,xlsx,档案移交清单类,档案移交清单,树形表格/父子行
xlsx/档案移交清单类/XLSX_0355_档案移交清单类.xlsx,xlsx,档案移交清单类,档案移交清单,树形表格/父子行
xlsx/档案移交清单类/XLSX_0356_档案移交清单类.xlsx,xlsx,档案移交清单类,档案移交清单,树形表格/父子行
xlsx/档案移交清单类/XLSX_0357_档案移交清单类.xlsx,xlsx,档案移交清单类,档案移交清单,树形表格/父子行
xlsx/档案移交清单类/XLSX_0358_档案移交清单类.xlsx,xlsx,档案移交清单类,档案移交清单,树形表格/父子行
xlsx/档案移交清单类/XLSX_0359_档案移交清单类.xlsx,xlsx,档案移交清单类,档案移交清单,树形表格/父子行
xlsx/档案移交清单类/XLSX_0360_档案移交清单类.xlsx,xlsx,档案移交清单类,档案移交清单,树形表格/父子行
xlsx/档案移交清单类/XLSX_0361_档案移交清单类.xlsx,xlsx,档案移交清单类,档案移交清单,树形表格/父子行
xlsx/档案移交清单类/XLSX_0362_档案移交清单类.xlsx,xlsx,档案移交清单类,档案移交清单,树形表格/父子行
xlsx/档案移交清单类/XLSX_0363_档案移交清单类.xlsx,xlsx,档案移交清单类,档案移交清单,树形表格/父子行
xlsx/档案移交清单类/XLSX_0364_档案移交清单类.xlsx,xlsx,档案移交清单类,档案移交清单,树形表格/父子行
xlsx/档案移交清单类/XLSX_0365_档案移交清单类.xlsx,xlsx,档案移交清单类,档案移交清单,树形表格/父子行
xlsx/档案移交清单类/XLSX_0366_档案移交清单类.xlsx,xlsx,档案移交清单类,档案移交清单,树形表格/父子行
xlsx/档案移交清单类/XLSX_0367_档案移交清单类.xlsx,xlsx,档案移交清单类,档案移交清单,树形表格/父子行
xlsx/档案移交清单类/XLSX_0368_档案移交清单类.xlsx,xlsx,档案移交清单类,档案移交清单,树形表格/父子行
xlsx/档案移交清单类/XLSX_0369_档案移交清单类.xlsx,xlsx,档案移交清单类,档案移交清单,树形表格/父子行
xlsx/档案移交清单类/XLSX_0370_档案移交清单类.xlsx,xlsx,档案移交清单类,档案移交清单,树形表格/父子行
xlsx/档案移交清单类/XLSX_0371_档案移交清单类.xlsx,xlsx,档案移交清单类,档案移交清单,树形表格/父子行
xlsx/档案移交清单类/XLSX_0372_档案移交清单类.xlsx,xlsx,档案移交清单类,档案移交清单,树形表格/父子行
xlsx/资产台账类/XLSX_0325_资产台账类(FMGK).xlsx,xlsx,资产台账类,资产台账,XLSX 表头和行记录
xlsx/资产台账类/XLSX_0326_资产台账类.xlsx,xlsx,资产台账类,资产台账,XLSX 表头和行记录
xlsx/资产台账类/XLSX_0327_资产台账类.xlsx,xlsx,资产台账类,资产台账,XLSX 表头和行记录
xlsx/资产台账类/XLSX_0328_资产台账类.xlsx,xlsx,资产台账类,资产台账,XLSX 表头和行记录
xlsx/资产台账类/XLSX_0329_资产台账类.xlsx,xlsx,资产台账类,资产台账,XLSX 表头和行记录
xlsx/资产台账类/XLSX_0330_资产台账类.xlsx,xlsx,资产台账类,资产台账,XLSX 表头和行记录
xlsx/资产台账类/XLSX_0331_资产台账类.xlsx,xlsx,资产台账类,资产台账,XLSX 表头和行记录
xlsx/资产台账类/XLSX_0332_资产台账类.xlsx,xlsx,资产台账类,资产台账,XLSX 表头和行记录
xlsx/资产台账类/XLSX_0333_资产台账类.xlsx,xlsx,资产台账类,资产台账,XLSX 表头和行记录
xlsx/资产台账类/XLSX_0334_资产台账类.xlsx,xlsx,资产台账类,资产台账,XLSX 表头和行记录
xlsx/资产台账类/XLSX_0335_资产台账类.xlsx,xlsx,资产台账类,资产台账,XLSX 表头和行记录
xlsx/资产台账类/XLSX_0336_资产台账类.xlsx,xlsx,资产台账类,资产台账,XLSX 表头和行记录
xlsx/资产台账类/XLSX_0337_资产台账类.xlsx,xlsx,资产台账类,资产台账,XLSX 表头和行记录
xlsx/资产台账类/XLSX_0338_资产台账类.xlsx,xlsx,资产台账类,资产台账,XLSX 表头和行记录
xlsx/资产台账类/XLSX_0339_资产台账类.xlsx,xlsx,资产台账类,资产台账,XLSX 表头和行记录
xlsx/资产台账类/XLSX_0340_资产台账类.xlsx,xlsx,资产台账类,资产台账,XLSX 表头和行记录
xlsx/资产台账类/XLSX_0341_资产台账类.xlsx,xlsx,资产台账类,资产台账,XLSX 表头和行记录
xlsx/资产台账类/XLSX_0342_资产台账类.xlsx,xlsx,资产台账类,资产台账,XLSX 表头和行记录
xlsx/资产台账类/XLSX_0343_资产台账类.xlsx,xlsx,资产台账类,资产台账,XLSX 表头和行记录
xlsx/资产台账类/XLSX_0344_资产台账类.xlsx,xlsx,资产台账类,资产台账,XLSX 表头和行记录
xlsx/资产台账类/XLSX_0345_资产台账类.xlsx,xlsx,资产台账类,资产台账,XLSX 表头和行记录
xlsx/资产台账类/XLSX_0346_资产台账类.xlsx,xlsx,资产台账类,资产台账,XLSX 表头和行记录
xlsx/资产台账类/XLSX_0347_资产台账类.xlsx,xlsx,资产台账类,资产台账,XLSX 表头和行记录
xlsx/资产台账类/XLSX_0348_资产台账类.xlsx,xlsx,资产台账类,资产台账,XLSX 表头和行记录
xlsx/采购台账类/XLSX_0301_采购台账类.xlsx,xlsx,采购台账类,采购台账,表头 + 行组 + 金额字段
xlsx/采购台账类/XLSX_0302_采购台账类.xlsx,xlsx,采购台账类,采购台账,表头 + 行组 + 金额字段
xlsx/采购台账类/XLSX_0303_采购台账类.xlsx,xlsx,采购台账类,采购台账,表头 + 行组 + 金额字段
xlsx/采购台账类/XLSX_0304_采购台账类.xlsx,xlsx,采购台账类,采购台账,表头 + 行组 + 金额字段
xlsx/采购台账类/XLSX_0305_采购台账类.xlsx,xlsx,采购台账类,采购台账,表头 + 行组 + 金额字段
xlsx/采购台账类/XLSX_0306_采购台账类.xlsx,xlsx,采购台账类,采购台账,表头 + 行组 + 金额字段
xlsx/采购台账类/XLSX_0307_采购台账类.xlsx,xlsx,采购台账类,采购台账,表头 + 行组 + 金额字段
xlsx/采购台账类/XLSX_0308_采购台账类.xlsx,xlsx,采购台账类,采购台账,表头 + 行组 + 金额字段
xlsx/采购台账类/XLSX_0309_采购台账类.xlsx,xlsx,采购台账类,采购台账,表头 + 行组 + 金额字段
xlsx/采购台账类/XLSX_0310_采购台账类.xlsx,xlsx,采购台账类,采购台账,表头 + 行组 + 金额字段
xlsx/采购台账类/XLSX_0311_采购台账类.xlsx,xlsx,采购台账类,采购台账,表头 + 行组 + 金额字段
xlsx/采购台账类/XLSX_0312_采购台账类.xlsx,xlsx,采购台账类,采购台账,表头 + 行组 + 金额字段
xlsx/采购台账类/XLSX_0313_采购台账类.xlsx,xlsx,采购台账类,采购台账,表头 + 行组 + 金额字段
xlsx/采购台账类/XLSX_0314_采购台账类.xlsx,xlsx,采购台账类,采购台账,表头 + 行组 + 金额字段
xlsx/采购台账类/XLSX_0315_采购台账类.xlsx,xlsx,采购台账类,采购台账,表头 + 行组 + 金额字段
xlsx/采购台账类/XLSX_0316_采购台账类.xlsx,xlsx,采购台账类,采购台账,表头 + 行组 + 金额字段
xlsx/采购台账类/XLSX_0317_采购台账类.xlsx,xlsx,采购台账类,采购台账,表头 + 行组 + 金额字段
xlsx/采购台账类/XLSX_0318_采购台账类.xlsx,xlsx,采购台账类,采购台账,表头 + 行组 + 金额字段
xlsx/采购台账类/XLSX_0319_采购台账类.xlsx,xlsx,采购台账类,采购台账,表头 + 行组 + 金额字段
xlsx/采购台账类/XLSX_0320_采购台账类.xlsx,xlsx,采购台账类,采购台账,表头 + 行组 + 金额字段
xlsx/采购台账类/XLSX_0321_采购台账类.xlsx,xlsx,采购台账类,采购台账,表头 + 行组 + 金额字段
xlsx/采购台账类/XLSX_0322_采购台账类.xlsx,xlsx,采购台账类,采购台账,表头 + 行组 + 金额字段
xlsx/采购台账类/XLSX_0323_采购台账类.xlsx,xlsx,采购台账类,采购台账,表头 + 行组 + 金额字段
xlsx/采购台账类/XLSX_0324_采购台账类.xlsx,xlsx,采购台账类,采购台账,表头 + 行组 + 金额字段
xlsx/问题跟踪类/XLSX_0373_问题跟踪类.xlsx,xlsx,问题跟踪类,问题清单,行记录原子化
xlsx/问题跟踪类/XLSX_0374_问题跟踪类.xlsx,xlsx,问题跟踪类,问题清单,行记录原子化
xlsx/问题跟踪类/XLSX_0375_问题跟踪类.xlsx,xlsx,问题跟踪类,问题清单,行记录原子化
xlsx/问题跟踪类/XLSX_0376_问题跟踪类.xlsx,xlsx,问题跟踪类,问题清单,行记录原子化
xlsx/问题跟踪类/XLSX_0377_问题跟踪类.xlsx,xlsx,问题跟踪类,问题清单,行记录原子化
xlsx/问题跟踪类/XLSX_0378_问题跟踪类.xlsx,xlsx,问题跟踪类,问题清单,行记录原子化
xlsx/问题跟踪类/XLSX_0379_问题跟踪类.xlsx,xlsx,问题跟踪类,问题清单,行记录原子化
xlsx/问题跟踪类/XLSX_0380_问题跟踪类.xlsx,xlsx,问题跟踪类,问题清单,行记录原子化
xlsx/问题跟踪类/XLSX_0381_问题跟踪类.xlsx,xlsx,问题跟踪类,问题清单,行记录原子化
xlsx/问题跟踪类/XLSX_0382_问题跟踪类.xlsx,xlsx,问题跟踪类,问题清单,行记录原子化
xlsx/问题跟踪类/XLSX_0383_问题跟踪类.xlsx,xlsx,问题跟踪类,问题清单,行记录原子化
xlsx/问题跟踪类/XLSX_0384_问题跟踪类.xlsx,xlsx,问题跟踪类,问题清单,行记录原子化
xlsx/问题跟踪类/XLSX_0385_问题跟踪类.xlsx,xlsx,问题跟踪类,问题清单,行记录原子化
xlsx/问题跟踪类/XLSX_0386_问题跟踪类.xlsx,xlsx,问题跟踪类,问题清单,行记录原子化
xlsx/问题跟踪类/XLSX_0387_问题跟踪类.xlsx,xlsx,问题跟踪类,问题清单,行记录原子化
xlsx/问题跟踪类/XLSX_0388_问题跟踪类.xlsx,xlsx,问题跟踪类,问题清单,行记录原子化
xlsx/问题跟踪类/XLSX_0389_问题跟踪类.xlsx,xlsx,问题跟踪类,问题清单,行记录原子化
xlsx/问题跟踪类/XLSX_0390_问题跟踪类.xlsx,xlsx,问题跟踪类,问题清单,行记录原子化
xlsx/问题跟踪类/XLSX_0391_问题跟踪类.xlsx,xlsx,问题跟踪类,问题清单,行记录原子化
xlsx/问题跟踪类/XLSX_0392_问题跟踪类.xlsx,xlsx,问题跟踪类,问题清单,行记录原子化
xlsx/问题跟踪类/XLSX_0393_问题跟踪类.xlsx,xlsx,问题跟踪类,问题清单,行记录原子化
xlsx/问题跟踪类/XLSX_0394_问题跟踪类.xlsx,xlsx,问题跟踪类,问题清单,行记录原子化
xlsx/问题跟踪类/XLSX_0395_问题跟踪类.xlsx,xlsx,问题跟踪类,问题清单,行记录原子化
xlsx/问题跟踪类/XLSX_0396_问题跟踪类.xlsx,xlsx,问题跟踪类,问题清单,行记录原子化
